[{
  "_id": {
    "$oid": "6727c950282de26227f908e3"
  },
  "name": "Pop"
},
{
  "_id": {
    "$oid": "6727c976282de26227f90f20"
  },
  "name": "Rock"
},
{
  "_id": {
    "$oid": "6727c976282de26227f90f21"
  },
  "name": "Hip-Hop"
},
{
  "_id": {
    "$oid": "6727c976282de26227f90f22"
  },
  "name": "Jazz"
},
{
  "_id": {
    "$oid": "6727c976282de26227f90f23"
  },
  "name": "Classical"
},
{
  "_id": {
    "$oid": "6727c976282de26227f90f24"
  },
  "name": "Electronic"
},
{
  "_id": {
    "$oid": "6727c976282de26227f90f25"
  },
  "name": "Country"
},
{
  "_id": {
    "$oid": "6727c976282de26227f90f26"
  },
  "name": "Reggae"
},
{
  "_id": {
    "$oid": "6727c976282de26227f90f27"
  },
  "name": "Blues"
},
{
  "_id": {
    "$oid": "6727c976282de26227f90f28"
  },
  "name": "Latin"
},
{
  "_id": {
    "$oid": "6727c976282de26227f90f29"
  },
  "name": "R&B"
}]